-- OpenVPN Manager Sample Data
-- Generated for PostgreSQL
-- Dates are relative to 2025-12-02 (last 30 days)

-- Note: Password hash is bcrypt for 'password123'
-- $2a$10$N9qo8uLOickgx2ZMRZoMye0z4CuKS3FXMZqvIVGNlq0IhcmvLJPSm

-- ============================================
-- USERS
-- ============================================
-- IT Manager
INSERT INTO users (id, username, password, first_name, last_name, email, telephone, role, is_active, vpn_ip, created_at, created_by) VALUES
('a0000000-0000-0000-0000-000000000002', 'pkolar', '$2a$10$N9qo8uLOickgx2ZMRZoMye0z4CuKS3FXMZqvIVGNlq0IhcmvLJPSm', 'Petr', 'Koláč', 'petr.kolar@company.cz', '+420 777 000 002', 'MANAGER', true, '10.90.90.3', '2025-11-02 08:15:00', 'a0000000-0000-0000-0000-000000000001');

-- HR Manager
INSERT INTO users (id, username, password, first_name, last_name, email, telephone, role, is_active, vpn_ip, created_at, created_by) VALUES
('a0000000-0000-0000-0000-000000000003', 'mnovakova', '$2a$10$N9qo8uLOickgx2ZMRZoMye0z4CuKS3FXMZqvIVGNlq0IhcmvLJPSm', 'Marie', 'Nováková', 'marie.novakova@company.cz', '+420 777 000 003', 'MANAGER', true, '10.90.90.4', '2025-11-02 08:30:00', 'a0000000-0000-0000-0000-000000000001');

-- IT Team Members (managed by pkolar)
INSERT INTO users (id, username, password, manager_id, first_name, last_name, email, telephone, role, is_active, vpn_ip, valid_from, created_at, created_by) VALUES
('a0000000-0000-0000-0000-000000000010', 'jdvorak', '$2a$10$N9qo8uLOickgx2ZMRZoMye0z4CuKS3FXMZqvIVGNlq0IhcmvLJPSm', 'a0000000-0000-0000-0000-000000000002', 'Jan', 'Dvořák', 'jan.dvorak@company.cz', '+420 777 000 010', 'USER', true, '10.90.90.10', '2025-11-02', '2025-11-02 09:00:00', 'a0000000-0000-0000-0000-000000000002'),
('a0000000-0000-0000-0000-000000000011', 'tnewman', '$2a$10$N9qo8uLOickgx2ZMRZoMye0z4CuKS3FXMZqvIVGNlq0IhcmvLJPSm', 'a0000000-0000-0000-0000-000000000002', 'Tomáš', 'Newman', 'tomas.newman@company.cz', '+420 777 000 011', 'USER', true, '10.90.90.11', '2025-11-02', '2025-11-02 09:15:00', 'a0000000-0000-0000-0000-000000000002'),
('a0000000-0000-0000-0000-000000000012', 'lsvoboda', '$2a$10$N9qo8uLOickgx2ZMRZoMye0z4CuKS3FXMZqvIVGNlq0IhcmvLJPSm', 'a0000000-0000-0000-0000-000000000002', 'Lukáš', 'Svoboda', 'lukas.svoboda@company.cz', '+420 777 000 012', 'USER', true, '10.90.90.12', '2025-11-02', '2025-11-02 09:30:00', 'a0000000-0000-0000-0000-000000000002'),
('a0000000-0000-0000-0000-000000000013', 'kkratka', '$2a$10$N9qo8uLOickgx2ZMRZoMye0z4CuKS3FXMZqvIVGNlq0IhcmvLJPSm', 'a0000000-0000-0000-0000-000000000002', 'Karolína', 'Krátká', 'karolina.kratka@company.cz', '+420 777 000 013', 'USER', true, '10.90.90.13', '2025-11-02', '2025-11-02 09:45:00', 'a0000000-0000-0000-0000-000000000002');

-- HR Team Members (managed by mnovakova)
INSERT INTO users (id, username, password, manager_id, first_name, last_name, email, telephone, role, is_active, vpn_ip, valid_from, created_at, created_by) VALUES
('a0000000-0000-0000-0000-000000000020', 'ecerny', '$2a$10$N9qo8uLOickgx2ZMRZoMye0z4CuKS3FXMZqvIVGNlq0IhcmvLJPSm', 'a0000000-0000-0000-0000-000000000003', 'Eva', 'Černý', 'eva.cerny@company.cz', '+420 777 000 020', 'USER', true, '10.90.90.20', '2025-11-02', '2025-11-03 10:00:00', 'a0000000-0000-0000-0000-000000000003'),
('a0000000-0000-0000-0000-000000000021', 'ppokorny', '$2a$10$N9qo8uLOickgx2ZMRZoMye0z4CuKS3FXMZqvIVGNlq0IhcmvLJPSm', 'a0000000-0000-0000-0000-000000000003', 'Pavel', 'Pokorný', 'pavel.pokorny@company.cz', '+420 777 000 021', 'USER', true, '10.90.90.21', '2025-11-02', '2025-11-03 10:15:00', 'a0000000-0000-0000-0000-000000000003');

-- External contractors (time-limited access)
INSERT INTO users (id, username, password, manager_id, first_name, last_name, email, telephone, role, is_active, vpn_ip, valid_from, valid_to, created_at, created_by) VALUES
('a0000000-0000-0000-0000-000000000030', 'contractor1', '$2a$10$N9qo8uLOickgx2ZMRZoMye0z4CuKS3FXMZqvIVGNlq0IhcmvLJPSm', 'a0000000-0000-0000-0000-000000000002', 'Martin', 'Extern', 'martin.extern@external.cz', '+420 777 000 030', 'USER', true, '10.90.90.30', '2025-11-15', '2025-12-31', '2025-11-15 08:00:00', 'a0000000-0000-0000-0000-000000000002'),
('a0000000-0000-0000-0000-000000000031', 'contractor2', '$2a$10$N9qo8uLOickgx2ZMRZoMye0z4CuKS3FXMZqvIVGNlq0IhcmvLJPSm', 'a0000000-0000-0000-0000-000000000002', 'Jana', 'Externová', 'jana.externova@external.cz', '+420 777 000 031', 'USER', true, '10.90.90.31', '2025-11-20', '2025-12-20', '2025-11-20 08:00:00', 'a0000000-0000-0000-0000-000000000002');

-- Inactive user (former employee)
INSERT INTO users (id, username, password, first_name, last_name, email, telephone, role, is_active, vpn_ip, valid_to, created_at, created_by) VALUES
('a0000000-0000-0000-0000-000000000040', 'former_emp', '$2a$10$N9qo8uLOickgx2ZMRZoMye0z4CuKS3FXMZqvIVGNlq0IhcmvLJPSm', 'Ondřej', 'Bývalý', 'ondrej.byvaly@company.cz', '+420 777 000 040', 'USER', false, '10.90.90.40', '2025-11-15', '2025-11-02 08:00:00', 'a0000000-0000-0000-0000-000000000001');

-- ============================================
-- GROUPS
-- ============================================

INSERT INTO groups (id, name, description, created_at, created_by) VALUES
('b0000000-0000-0000-0000-000000000001', 'IT Department', 'Information Technology team - full access to IT infrastructure', '2025-11-02 08:00:00', 'a0000000-0000-0000-0000-000000000001'),
('b0000000-0000-0000-0000-000000000002', 'HR Department', 'Human Resources team - access to HR systems', '2025-11-02 08:00:00', 'a0000000-0000-0000-0000-000000000001'),
('b0000000-0000-0000-0000-000000000003', 'Developers', 'Development team - access to dev/staging environments', '2025-11-02 08:00:00', 'a0000000-0000-0000-0000-000000000001'),
('b0000000-0000-0000-0000-000000000004', 'DevOps', 'DevOps team - access to CI/CD and production', '2025-11-02 08:00:00', 'a0000000-0000-0000-0000-000000000001'),
('b0000000-0000-0000-0000-000000000005', 'External', 'External contractors - limited access', '2025-11-02 08:00:00', 'a0000000-0000-0000-0000-000000000001'),
('b0000000-0000-0000-0000-000000000006', 'Management', 'Management team - executive access', '2025-11-02 08:00:00', 'a0000000-0000-0000-0000-000000000001');

-- ============================================
-- NETWORKS
-- ============================================

INSERT INTO networks (id, name, cidr, description, created_at, updated_at, created_by) VALUES
('c0000000-0000-0000-0000-000000000001', 'Production Servers', '192.168.100.0/24', 'Production server network', '2025-11-02 08:00:00', '2025-11-02 08:00:00', 'a0000000-0000-0000-0000-000000000001'),
('c0000000-0000-0000-0000-000000000002', 'Development Servers', '192.168.110.0/24', 'Development and staging servers', '2025-11-02 08:00:00', '2025-11-02 08:00:00', 'a0000000-0000-0000-0000-000000000001'),
('c0000000-0000-0000-0000-000000000003', 'Database Servers', '192.168.120.0/24', 'Database server network', '2025-11-02 08:00:00', '2025-11-02 08:00:00', 'a0000000-0000-0000-0000-000000000001'),
('c0000000-0000-0000-0000-000000000004', 'HR Systems', '192.168.130.0/24', 'HR application servers', '2025-11-02 08:00:00', '2025-11-02 08:00:00', 'a0000000-0000-0000-0000-000000000001'),
('c0000000-0000-0000-0000-000000000005', 'CI/CD Pipeline', '192.168.140.0/24', 'Jenkins, GitLab CI runners', '2025-11-02 08:00:00', '2025-11-02 08:00:00', 'a0000000-0000-0000-0000-000000000001'),
('c0000000-0000-0000-0000-000000000006', 'Monitoring', '192.168.150.0/24', 'Prometheus, Grafana, ELK stack', '2025-11-02 08:00:00', '2025-11-02 08:00:00', 'a0000000-0000-0000-0000-000000000001'),
('c0000000-0000-0000-0000-000000000007', 'Office Network', '10.0.0.0/16', 'Internal office network', '2025-11-02 08:00:00', '2025-11-02 08:00:00', 'a0000000-0000-0000-0000-000000000001');

-- ============================================
-- USER_GROUPS (membership)
-- ============================================

-- Admin is in IT, DevOps, Management
INSERT INTO user_groups (user_id, group_id, created_at, created_by) VALUES
('a0000000-0000-0000-0000-000000000001', 'b0000000-0000-0000-0000-000000000001', '2025-11-02 08:00:00', 'a0000000-0000-0000-0000-000000000001'),
('a0000000-0000-0000-0000-000000000001', 'b0000000-0000-0000-0000-000000000004', '2025-11-02 08:00:00', 'a0000000-0000-0000-0000-000000000001'),
('a0000000-0000-0000-0000-000000000001', 'b0000000-0000-0000-0000-000000000006', '2025-11-02 08:00:00', 'a0000000-0000-0000-0000-000000000001');

-- IT Manager is in IT, Developers, DevOps, Management
INSERT INTO user_groups (user_id, group_id, created_at, created_by) VALUES
('a0000000-0000-0000-0000-000000000002', 'b0000000-0000-0000-0000-000000000001', '2025-11-02 08:15:00', 'a0000000-0000-0000-0000-000000000001'),
('a0000000-0000-0000-0000-000000000002', 'b0000000-0000-0000-0000-000000000003', '2025-11-02 08:15:00', 'a0000000-0000-0000-0000-000000000001'),
('a0000000-0000-0000-0000-000000000002', 'b0000000-0000-0000-0000-000000000004', '2025-11-02 08:15:00', 'a0000000-0000-0000-0000-000000000001'),
('a0000000-0000-0000-0000-000000000002', 'b0000000-0000-0000-0000-000000000006', '2025-11-02 08:15:00', 'a0000000-0000-0000-0000-000000000001');

-- HR Manager is in HR, Management
INSERT INTO user_groups (user_id, group_id, created_at, created_by) VALUES
('a0000000-0000-0000-0000-000000000003', 'b0000000-0000-0000-0000-000000000002', '2025-11-02 08:30:00', 'a0000000-0000-0000-0000-000000000001'),
('a0000000-0000-0000-0000-000000000003', 'b0000000-0000-0000-0000-000000000006', '2025-11-02 08:30:00', 'a0000000-0000-0000-0000-000000000001');

-- IT Team is in IT, Developers
INSERT INTO user_groups (user_id, group_id, created_at, created_by) VALUES
('a0000000-0000-0000-0000-000000000010', 'b0000000-0000-0000-0000-000000000001', '2025-11-02 09:00:00', 'a0000000-0000-0000-0000-000000000002'),
('a0000000-0000-0000-0000-000000000010', 'b0000000-0000-0000-0000-000000000003', '2025-11-02 09:00:00', 'a0000000-0000-0000-0000-000000000002'),
('a0000000-0000-0000-0000-000000000011', 'b0000000-0000-0000-0000-000000000001', '2025-11-02 09:15:00', 'a0000000-0000-0000-0000-000000000002'),
('a0000000-0000-0000-0000-000000000011', 'b0000000-0000-0000-0000-000000000003', '2025-11-02 09:15:00', 'a0000000-0000-0000-0000-000000000002'),
('a0000000-0000-0000-0000-000000000011', 'b0000000-0000-0000-0000-000000000004', '2025-11-02 09:15:00', 'a0000000-0000-0000-0000-000000000002'),
('a0000000-0000-0000-0000-000000000012', 'b0000000-0000-0000-0000-000000000001', '2025-11-02 09:30:00', 'a0000000-0000-0000-0000-000000000002'),
('a0000000-0000-0000-0000-000000000012', 'b0000000-0000-0000-0000-000000000003', '2025-11-02 09:30:00', 'a0000000-0000-0000-0000-000000000002'),
('a0000000-0000-0000-0000-000000000013', 'b0000000-0000-0000-0000-000000000001', '2025-11-02 09:45:00', 'a0000000-0000-0000-0000-000000000002');

-- HR Team is in HR
INSERT INTO user_groups (user_id, group_id, created_at, created_by) VALUES
('a0000000-0000-0000-0000-000000000020', 'b0000000-0000-0000-0000-000000000002', '2025-11-03 10:00:00', 'a0000000-0000-0000-0000-000000000003'),
('a0000000-0000-0000-0000-000000000021', 'b0000000-0000-0000-0000-000000000002', '2025-11-03 10:15:00', 'a0000000-0000-0000-0000-000000000003');

-- External contractors in External group
INSERT INTO user_groups (user_id, group_id, created_at, created_by) VALUES
('a0000000-0000-0000-0000-000000000030', 'b0000000-0000-0000-0000-000000000005', '2025-11-15 08:00:00', 'a0000000-0000-0000-0000-000000000002'),
('a0000000-0000-0000-0000-000000000031', 'b0000000-0000-0000-0000-000000000005', '2025-11-20 08:00:00', 'a0000000-0000-0000-0000-000000000002');

-- ============================================
-- NETWORK_GROUPS (access rights)
-- ============================================

-- IT Department has access to all networks
INSERT INTO network_groups (network_id, group_id, created_at, created_by) VALUES
('c0000000-0000-0000-0000-000000000001', 'b0000000-0000-0000-0000-000000000001', '2025-11-02 08:00:00', 'a0000000-0000-0000-0000-000000000001'),
('c0000000-0000-0000-0000-000000000002', 'b0000000-0000-0000-0000-000000000001', '2025-11-02 08:00:00', 'a0000000-0000-0000-0000-000000000001'),
('c0000000-0000-0000-0000-000000000003', 'b0000000-0000-0000-0000-000000000001', '2025-11-02 08:00:00', 'a0000000-0000-0000-0000-000000000001'),
('c0000000-0000-0000-0000-000000000004', 'b0000000-0000-0000-0000-000000000001', '2025-11-02 08:00:00', 'a0000000-0000-0000-0000-000000000001'),
('c0000000-0000-0000-0000-000000000005', 'b0000000-0000-0000-0000-000000000001', '2025-11-02 08:00:00', 'a0000000-0000-0000-0000-000000000001'),
('c0000000-0000-0000-0000-000000000006', 'b0000000-0000-0000-0000-000000000001', '2025-11-02 08:00:00', 'a0000000-0000-0000-0000-000000000001'),
('c0000000-0000-0000-0000-000000000007', 'b0000000-0000-0000-0000-000000000001', '2025-11-02 08:00:00', 'a0000000-0000-0000-0000-000000000001');

-- HR Department has access to HR Systems and Office Network
INSERT INTO network_groups (network_id, group_id, created_at, created_by) VALUES
('c0000000-0000-0000-0000-000000000004', 'b0000000-0000-0000-0000-000000000002', '2025-11-02 08:00:00', 'a0000000-0000-0000-0000-000000000001'),
('c0000000-0000-0000-0000-000000000007', 'b0000000-0000-0000-0000-000000000002', '2025-11-02 08:00:00', 'a0000000-0000-0000-0000-000000000001');

-- Developers have access to Dev Servers and Databases
INSERT INTO network_groups (network_id, group_id, created_at, created_by) VALUES
('c0000000-0000-0000-0000-000000000002', 'b0000000-0000-0000-0000-000000000003', '2025-11-02 08:00:00', 'a0000000-0000-0000-0000-000000000001'),
('c0000000-0000-0000-0000-000000000003', 'b0000000-0000-0000-0000-000000000003', '2025-11-02 08:00:00', 'a0000000-0000-0000-0000-000000000001'),
('c0000000-0000-0000-0000-000000000007', 'b0000000-0000-0000-0000-000000000003', '2025-11-02 08:00:00', 'a0000000-0000-0000-0000-000000000001');

-- DevOps has access to Production, Dev, Databases, CI/CD, Monitoring
INSERT INTO network_groups (network_id, group_id, created_at, created_by) VALUES
('c0000000-0000-0000-0000-000000000001', 'b0000000-0000-0000-0000-000000000004', '2025-11-02 08:00:00', 'a0000000-0000-0000-0000-000000000001'),
('c0000000-0000-0000-0000-000000000002', 'b0000000-0000-0000-0000-000000000004', '2025-11-02 08:00:00', 'a0000000-0000-0000-0000-000000000001'),
('c0000000-0000-0000-0000-000000000003', 'b0000000-0000-0000-0000-000000000004', '2025-11-02 08:00:00', 'a0000000-0000-0000-0000-000000000001'),
('c0000000-0000-0000-0000-000000000005', 'b0000000-0000-0000-0000-000000000004', '2025-11-02 08:00:00', 'a0000000-0000-0000-0000-000000000001'),
('c0000000-0000-0000-0000-000000000006', 'b0000000-0000-0000-0000-000000000004', '2025-11-02 08:00:00', 'a0000000-0000-0000-0000-000000000001');

-- External contractors only have access to Dev Servers
INSERT INTO network_groups (network_id, group_id, created_at, created_by) VALUES
('c0000000-0000-0000-0000-000000000002', 'b0000000-0000-0000-0000-000000000005', '2025-11-02 08:00:00', 'a0000000-0000-0000-0000-000000000001');

-- Management has access to Office Network and Monitoring
INSERT INTO network_groups (network_id, group_id, created_at, created_by) VALUES
('c0000000-0000-0000-0000-000000000006', 'b0000000-0000-0000-0000-000000000006', '2025-11-02 08:00:00', 'a0000000-0000-0000-0000-000000000001'),
('c0000000-0000-0000-0000-000000000007', 'b0000000-0000-0000-0000-000000000006', '2025-11-02 08:00:00', 'a0000000-0000-0000-0000-000000000001');

-- ============================================
-- VPN_SESSIONS (last 30 days of VPN activity)
-- ============================================

-- Admin sessions (occasional, short)
INSERT INTO vpn_sessions (id, user_id, vpn_ip, client_ip, connected_at, disconnected_at, bytes_received, bytes_sent, disconnect_reason) VALUES
('d0000000-0000-0000-0000-000000000001', 'a0000000-0000-0000-0000-000000000001', '10.90.90.2', '85.70.123.45', '2025-11-05 14:00:00', '2025-11-05 14:30:00', 52428800, 10485760, 'USER_REQUEST'),
('d0000000-0000-0000-0000-000000000002', 'a0000000-0000-0000-0000-000000000001', '10.90.90.2', '85.70.123.45', '2025-11-15 10:00:00', '2025-11-15 11:00:00', 104857600, 20971520, 'USER_REQUEST'),
('d0000000-0000-0000-0000-000000000003', 'a0000000-0000-0000-0000-000000000001', '10.90.90.2', '85.70.123.45', '2025-11-28 16:00:00', '2025-11-28 17:30:00', 157286400, 31457280, 'USER_REQUEST');

-- IT Manager sessions (regular work from home)
INSERT INTO vpn_sessions (id, user_id, vpn_ip, client_ip, connected_at, disconnected_at, bytes_received, bytes_sent, disconnect_reason) VALUES
('d0000000-0000-0000-0000-000000000010', 'a0000000-0000-0000-0000-000000000002', '10.90.90.3', '77.48.210.100', '2025-11-04 08:00:00', '2025-11-04 17:00:00', 524288000, 104857600, 'USER_REQUEST'),
('d0000000-0000-0000-0000-000000000011', 'a0000000-0000-0000-0000-000000000002', '10.90.90.3', '77.48.210.100', '2025-11-07 08:30:00', '2025-11-07 16:30:00', 471859200, 94371840, 'USER_REQUEST'),
('d0000000-0000-0000-0000-000000000012', 'a0000000-0000-0000-0000-000000000002', '10.90.90.3', '77.48.210.100', '2025-11-11 09:00:00', '2025-11-11 18:00:00', 629145600, 125829120, 'USER_REQUEST'),
('d0000000-0000-0000-0000-000000000013', 'a0000000-0000-0000-0000-000000000002', '10.90.90.3', '77.48.210.100', '2025-11-14 08:00:00', '2025-11-14 17:30:00', 576716800, 115343360, 'USER_REQUEST'),
('d0000000-0000-0000-0000-000000000014', 'a0000000-0000-0000-0000-000000000002', '10.90.90.3', '77.48.210.100', '2025-11-18 08:00:00', '2025-11-18 12:00:00', 209715200, 41943040, 'USER_REQUEST'),
('d0000000-0000-0000-0000-000000000015', 'a0000000-0000-0000-0000-000000000002', '10.90.90.3', '77.48.210.100', '2025-11-21 08:00:00', '2025-11-21 17:00:00', 524288000, 104857600, 'USER_REQUEST'),
('d0000000-0000-0000-0000-000000000016', 'a0000000-0000-0000-0000-000000000002', '10.90.90.3', '77.48.210.100', '2025-11-25 08:00:00', '2025-11-25 16:00:00', 419430400, 83886080, 'USER_REQUEST'),
('d0000000-0000-0000-0000-000000000017', 'a0000000-0000-0000-0000-000000000002', '10.90.90.3', '77.48.210.100', '2025-11-28 08:00:00', '2025-11-28 17:00:00', 524288000, 104857600, 'USER_REQUEST'),
('d0000000-0000-0000-0000-000000000018', 'a0000000-0000-0000-0000-000000000002', '10.90.90.3', '77.48.210.100', '2025-12-02 08:00:00', NULL, 157286400, 31457280, NULL);

-- Developer Jan Dvorak (heavy VPN usage - remote worker)
INSERT INTO vpn_sessions (id, user_id, vpn_ip, client_ip, connected_at, disconnected_at, bytes_received, bytes_sent, disconnect_reason) VALUES
('d0000000-0000-0000-0000-000000000020', 'a0000000-0000-0000-0000-000000000010', '10.90.90.10', '89.24.100.50', '2025-11-03 08:00:00', '2025-11-03 18:00:00', 1073741824, 214748364, 'USER_REQUEST'),
('d0000000-0000-0000-0000-000000000021', 'a0000000-0000-0000-0000-000000000010', '10.90.90.10', '89.24.100.50', '2025-11-04 08:00:00', '2025-11-04 18:00:00', 1073741824, 214748364, 'USER_REQUEST'),
('d0000000-0000-0000-0000-000000000022', 'a0000000-0000-0000-0000-000000000010', '10.90.90.10', '89.24.100.50', '2025-11-05 08:00:00', '2025-11-05 18:00:00', 1073741824, 214748364, 'USER_REQUEST'),
('d0000000-0000-0000-0000-000000000023', 'a0000000-0000-0000-0000-000000000010', '10.90.90.10', '89.24.100.50', '2025-11-06 08:00:00', '2025-11-06 18:00:00', 1073741824, 214748364, 'USER_REQUEST'),
('d0000000-0000-0000-0000-000000000024', 'a0000000-0000-0000-0000-000000000010', '10.90.90.10', '89.24.100.50', '2025-11-07 08:00:00', '2025-11-07 18:00:00', 1073741824, 214748364, 'USER_REQUEST'),
('d0000000-0000-0000-0000-000000000025', 'a0000000-0000-0000-0000-000000000010', '10.90.90.10', '89.24.100.50', '2025-11-10 08:00:00', '2025-11-10 18:00:00', 1073741824, 214748364, 'USER_REQUEST'),
('d0000000-0000-0000-0000-000000000026', 'a0000000-0000-0000-0000-000000000010', '10.90.90.10', '89.24.100.50', '2025-11-11 08:00:00', '2025-11-11 18:00:00', 1073741824, 214748364, 'USER_REQUEST'),
('d0000000-0000-0000-0000-000000000027', 'a0000000-0000-0000-0000-000000000010', '10.90.90.10', '89.24.100.50', '2025-11-12 08:00:00', '2025-11-12 18:00:00', 1073741824, 214748364, 'USER_REQUEST'),
('d0000000-0000-0000-0000-000000000028', 'a0000000-0000-0000-0000-000000000010', '10.90.90.10', '89.24.100.50', '2025-11-13 08:00:00', '2025-11-13 18:00:00', 1073741824, 214748364, 'USER_REQUEST'),
('d0000000-0000-0000-0000-000000000029', 'a0000000-0000-0000-0000-000000000010', '10.90.90.10', '89.24.100.50', '2025-11-14 08:00:00', '2025-11-14 18:00:00', 1073741824, 214748364, 'USER_REQUEST'),
('d0000000-0000-0000-0000-000000000030', 'a0000000-0000-0000-0000-000000000010', '10.90.90.10', '89.24.100.50', '2025-11-17 08:00:00', '2025-11-17 18:00:00', 1073741824, 214748364, 'USER_REQUEST'),
('d0000000-0000-0000-0000-000000000031', 'a0000000-0000-0000-0000-000000000010', '10.90.90.10', '89.24.100.50', '2025-11-18 08:00:00', '2025-11-18 18:00:00', 1073741824, 214748364, 'USER_REQUEST'),
('d0000000-0000-0000-0000-000000000032', 'a0000000-0000-0000-0000-000000000010', '10.90.90.10', '89.24.100.50', '2025-11-19 08:00:00', '2025-11-19 18:00:00', 1073741824, 214748364, 'USER_REQUEST'),
('d0000000-0000-0000-0000-000000000033', 'a0000000-0000-0000-0000-000000000010', '10.90.90.10', '89.24.100.50', '2025-11-20 08:00:00', '2025-11-20 18:00:00', 1073741824, 214748364, 'USER_REQUEST'),
('d0000000-0000-0000-0000-000000000034', 'a0000000-0000-0000-0000-000000000010', '10.90.90.10', '89.24.100.50', '2025-11-21 08:00:00', '2025-11-21 18:00:00', 1073741824, 214748364, 'USER_REQUEST'),
('d0000000-0000-0000-0000-000000000035', 'a0000000-0000-0000-0000-000000000010', '10.90.90.10', '89.24.100.50', '2025-11-24 08:00:00', '2025-11-24 18:00:00', 1073741824, 214748364, 'USER_REQUEST'),
('d0000000-0000-0000-0000-000000000036', 'a0000000-0000-0000-0000-000000000010', '10.90.90.10', '89.24.100.50', '2025-11-25 08:00:00', '2025-11-25 18:00:00', 1073741824, 214748364, 'USER_REQUEST'),
('d0000000-0000-0000-0000-000000000037', 'a0000000-0000-0000-0000-000000000010', '10.90.90.10', '89.24.100.50', '2025-11-26 08:00:00', '2025-11-26 18:00:00', 1073741824, 214748364, 'USER_REQUEST'),
('d0000000-0000-0000-0000-000000000038', 'a0000000-0000-0000-0000-000000000010', '10.90.90.10', '89.24.100.50', '2025-11-27 08:00:00', '2025-11-27 18:00:00', 1073741824, 214748364, 'USER_REQUEST'),
('d0000000-0000-0000-0000-000000000039', 'a0000000-0000-0000-0000-000000000010', '10.90.90.10', '89.24.100.50', '2025-11-28 08:00:00', '2025-11-28 18:00:00', 1073741824, 214748364, 'USER_REQUEST'),
('d0000000-0000-0000-0000-000000000040', 'a0000000-0000-0000-0000-000000000010', '10.90.90.10', '89.24.100.50', '2025-12-01 08:00:00', '2025-12-01 18:00:00', 1073741824, 214748364, 'USER_REQUEST'),
('d0000000-0000-0000-0000-000000000041', 'a0000000-0000-0000-0000-000000000010', '10.90.90.10', '89.24.100.50', '2025-12-02 08:00:00', NULL, 524288000, 104857600, NULL);

-- DevOps Tomas Newman (night shifts, production deployments)
INSERT INTO vpn_sessions (id, user_id, vpn_ip, client_ip, connected_at, disconnected_at, bytes_received, bytes_sent, disconnect_reason) VALUES
('d0000000-0000-0000-0000-000000000050', 'a0000000-0000-0000-0000-000000000011', '10.90.90.11', '90.178.50.25', '2025-11-06 22:00:00', '2025-11-07 02:00:00', 2147483648, 429496729, 'USER_REQUEST'),
('d0000000-0000-0000-0000-000000000051', 'a0000000-0000-0000-0000-000000000011', '10.90.90.11', '90.178.50.25', '2025-11-13 22:00:00', '2025-11-14 03:00:00', 2684354560, 536870912, 'USER_REQUEST'),
('d0000000-0000-0000-0000-000000000052', 'a0000000-0000-0000-0000-000000000011', '10.90.90.11', '90.178.50.25', '2025-11-20 22:00:00', '2025-11-21 01:30:00', 1879048192, 375809638, 'USER_REQUEST'),
('d0000000-0000-0000-0000-000000000053', 'a0000000-0000-0000-0000-000000000011', '10.90.90.11', '90.178.50.25', '2025-11-27 22:00:00', '2025-11-28 02:30:00', 2415919104, 483183820, 'USER_REQUEST');

-- HR team (occasional VPN for remote access to HR systems)
INSERT INTO vpn_sessions (id, user_id, vpn_ip, client_ip, connected_at, disconnected_at, bytes_received, bytes_sent, disconnect_reason) VALUES
('d0000000-0000-0000-0000-000000000060', 'a0000000-0000-0000-0000-000000000020', '10.90.90.20', '95.82.140.200', '2025-11-08 09:00:00', '2025-11-08 12:00:00', 104857600, 20971520, 'USER_REQUEST'),
('d0000000-0000-0000-0000-000000000061', 'a0000000-0000-0000-0000-000000000020', '10.90.90.20', '95.82.140.200', '2025-11-15 14:00:00', '2025-11-15 16:00:00', 73400320, 14680064, 'USER_REQUEST'),
('d0000000-0000-0000-0000-000000000062', 'a0000000-0000-0000-0000-000000000020', '10.90.90.20', '95.82.140.200', '2025-11-22 10:00:00', '2025-11-22 15:00:00', 157286400, 31457280, 'USER_REQUEST'),
('d0000000-0000-0000-0000-000000000063', 'a0000000-0000-0000-0000-000000000021', '10.90.90.21', '88.102.90.15', '2025-11-10 08:00:00', '2025-11-10 17:00:00', 209715200, 41943040, 'USER_REQUEST'),
('d0000000-0000-0000-0000-000000000064', 'a0000000-0000-0000-0000-000000000021', '10.90.90.21', '88.102.90.15', '2025-11-25 09:00:00', '2025-11-25 14:00:00', 125829120, 25165824, 'USER_REQUEST');

-- External contractors (limited access during their contract period)
INSERT INTO vpn_sessions (id, user_id, vpn_ip, client_ip, connected_at, disconnected_at, bytes_received, bytes_sent, disconnect_reason) VALUES
('d0000000-0000-0000-0000-000000000070', 'a0000000-0000-0000-0000-000000000030', '10.90.90.30', '78.128.64.100', '2025-11-15 09:00:00', '2025-11-15 17:00:00', 419430400, 83886080, 'USER_REQUEST'),
('d0000000-0000-0000-0000-000000000071', 'a0000000-0000-0000-0000-000000000030', '10.90.90.30', '78.128.64.100', '2025-11-18 10:00:00', '2025-11-18 16:00:00', 314572800, 62914560, 'USER_REQUEST'),
('d0000000-0000-0000-0000-000000000072', 'a0000000-0000-0000-0000-000000000030', '10.90.90.30', '78.128.64.100', '2025-11-22 08:00:00', '2025-11-22 18:00:00', 524288000, 104857600, 'USER_REQUEST'),
('d0000000-0000-0000-0000-000000000073', 'a0000000-0000-0000-0000-000000000030', '10.90.90.30', '78.128.64.100', '2025-11-29 09:00:00', '2025-11-29 17:00:00', 419430400, 83886080, 'USER_REQUEST'),
('d0000000-0000-0000-0000-000000000074', 'a0000000-0000-0000-0000-000000000031', '10.90.90.31', '91.210.80.50', '2025-11-20 10:00:00', '2025-11-20 15:00:00', 209715200, 41943040, 'USER_REQUEST'),
('d0000000-0000-0000-0000-000000000075', 'a0000000-0000-0000-0000-000000000031', '10.90.90.31', '91.210.80.50', '2025-11-27 09:00:00', '2025-11-27 14:00:00', 157286400, 31457280, 'USER_REQUEST');

-- Session with timeout (user forgot to disconnect)
INSERT INTO vpn_sessions (id, user_id, vpn_ip, client_ip, connected_at, disconnected_at, bytes_received, bytes_sent, disconnect_reason) VALUES
('d0000000-0000-0000-0000-000000000080', 'a0000000-0000-0000-0000-000000000012', '10.90.90.12', '83.240.100.75', '2025-11-19 08:00:00', '2025-11-20 08:00:00', 52428800, 10485760, 'TIMEOUT');

-- Session terminated by admin (security incident)
INSERT INTO vpn_sessions (id, user_id, vpn_ip, client_ip, connected_at, disconnected_at, bytes_received, bytes_sent, disconnect_reason) VALUES
('d0000000-0000-0000-0000-000000000081', 'a0000000-0000-0000-0000-000000000040', '10.90.90.40', '185.220.101.45', '2025-11-14 23:00:00', '2025-11-14 23:15:00', 5242880, 1048576, 'ADMIN_ACTION');

-- ============================================
-- AUDIT_LOGS (sample entries)
-- ============================================

-- User creation audit logs
INSERT INTO audit_logs (id, user_id, action, entity_type, entity_id, new_values, ip_address, user_agent, created_at) VALUES
('e0000000-0000-0000-0000-000000000001', 'a0000000-0000-0000-0000-000000000001', 'CREATE', 'user', 'a0000000-0000-0000-0000-000000000002', '{"username":"pkolar","role":"MANAGER"}', '192.168.1.100', 'Mozilla/5.0', '2025-11-02 08:15:00'),
('e0000000-0000-0000-0000-000000000002', 'a0000000-0000-0000-0000-000000000001', 'CREATE', 'user', 'a0000000-0000-0000-0000-000000000003', '{"username":"mnovakova","role":"MANAGER"}', '192.168.1.100', 'Mozilla/5.0', '2025-11-02 08:30:00'),
('e0000000-0000-0000-0000-000000000003', 'a0000000-0000-0000-0000-000000000002', 'CREATE', 'user', 'a0000000-0000-0000-0000-000000000010', '{"username":"jdvorak","role":"USER"}', '192.168.1.101', 'Mozilla/5.0', '2025-11-02 09:00:00');

-- Login audit logs
INSERT INTO audit_logs (id, user_id, action, entity_type, entity_id, ip_address, user_agent, details, created_at) VALUES
('e0000000-0000-0000-0000-000000000010', 'a0000000-0000-0000-0000-000000000001', 'LOGIN', 'session', NULL, '192.168.1.100', 'Mozilla/5.0', 'Successful login', '2025-11-02 08:00:00'),
('e0000000-0000-0000-0000-000000000011', 'a0000000-0000-0000-0000-000000000002', 'LOGIN', 'session', NULL, '77.48.210.100', 'Mozilla/5.0', 'Successful login', '2025-11-04 08:00:00'),
('e0000000-0000-0000-0000-000000000012', 'a0000000-0000-0000-0000-000000000010', 'LOGIN', 'session', NULL, '89.24.100.50', 'Mozilla/5.0', 'Successful login', '2025-11-03 08:00:00');

-- Group membership changes
INSERT INTO audit_logs (id, user_id, action, entity_type, entity_id, new_values, ip_address, user_agent, details, created_at) VALUES
('e0000000-0000-0000-0000-000000000020', 'a0000000-0000-0000-0000-000000000001', 'UPDATE', 'user_group', 'a0000000-0000-0000-0000-000000000010', '{"group":"IT Department"}', '192.168.1.100', 'Mozilla/5.0', 'Added user to group', '2025-11-02 09:00:00'),
('e0000000-0000-0000-0000-000000000021', 'a0000000-0000-0000-0000-000000000001', 'UPDATE', 'user_group', 'a0000000-0000-0000-0000-000000000010', '{"group":"Developers"}', '192.168.1.100', 'Mozilla/5.0', 'Added user to group', '2025-11-02 09:00:00');

-- User deactivation (security incident)
INSERT INTO audit_logs (id, user_id, action, entity_type, entity_id, old_values, new_values, ip_address, user_agent, details, created_at) VALUES
('e0000000-0000-0000-0000-000000000030', 'a0000000-0000-0000-0000-000000000001', 'UPDATE', 'user', 'a0000000-0000-0000-0000-000000000040', '{"is_active":true}', '{"is_active":false}', '192.168.1.100', 'Mozilla/5.0', 'User deactivated due to contract termination', '2025-11-15 10:00:00');

-- Recent logins (last few days)
INSERT INTO audit_logs (id, user_id, action, entity_type, entity_id, ip_address, user_agent, details, created_at) VALUES
('e0000000-0000-0000-0000-000000000040', 'a0000000-0000-0000-0000-000000000001', 'LOGIN', 'session', NULL, '85.70.123.45', 'Mozilla/5.0 (Windows NT 10.0; Win64)', 'Successful login', '2025-11-28 16:00:00'),
('e0000000-0000-0000-0000-000000000041', 'a0000000-0000-0000-0000-000000000002', 'LOGIN', 'session', NULL, '77.48.210.100', 'Mozilla/5.0 (Macintosh; Intel Mac OS X)', 'Successful login', '2025-12-02 08:00:00'),
('e0000000-0000-0000-0000-000000000042', 'a0000000-0000-0000-0000-000000000010', 'LOGIN', 'session', NULL, '89.24.100.50', 'Mozilla/5.0 (X11; Linux x86_64)', 'Successful login', '2025-12-02 08:00:00');
